Indicator,Group,Country,Subgroup,Time Period Label,CI AVG,LowCI,HighCI,Upper CI,Lower CI
"Took Prescription Medication for Mental Health, Last 4 Weeks",By Age,United States,18 - 29 years,Aug 19 - Aug 31,18.7,17.2,20.3,1.6,1.5
"Took Prescription Medication for Mental Health, Last 4 Weeks",By Age,United States,30 - 39 years,Aug 19 - Aug 31,18.3,17.3,19.2,0.9,1.0
"Took Prescription Medication for Mental Health, Last 4 Weeks",By Age,United States,40 - 49 years,Aug 19 - Aug 31,20.4,19.5,21.3,0.9,0.9
"Took Prescription Medication for Mental Health, Last 4 Weeks",By Age,United States,50 - 59 years,Aug 19 - Aug 31,21.2,20.2,22.2,1.0,1.0
"Took Prescription Medication for Mental Health, Last 4 Weeks",By Age,United States,60 - 69 years,Aug 19 - Aug 31,19.7,18.7,20.7,1.0,1.0
"Took Prescription Medication for Mental Health, Last 4 Weeks",By Age,United States,70 - 79 years,Aug 19 - Aug 31,18.4,17.0,19.9,1.5,1.4
"Took Prescription Medication for Mental Health, Last 4 Weeks",By Age,United States,80 years and above,Aug 19 - Aug 31,13.8,11.0,17.0,3.2,2.8
"Received Counseling or Therapy, Last 4 Weeks",By Age,United States,18 - 29 years,Aug 19 - Aug 31,12.2,10.9,13.7,1.5,1.3
"Received Counseling or Therapy, Last 4 Weeks",By Age,United States,30 - 39 years,Aug 19 - Aug 31,11.7,11.0,12.6,0.9,0.7
"Received Counseling or Therapy, Last 4 Weeks",By Age,United States,40 - 49 years,Aug 19 - Aug 31,10.0,9.4,10.5,0.5,0.6
"Received Counseling or Therapy, Last 4 Weeks",By Age,United States,50 - 59 years,Aug 19 - Aug 31,8.4,7.6,9.2,0.8,0.8
"Received Counseling or Therapy, Last 4 Weeks",By Age,United States,60 - 69 years,Aug 19 - Aug 31,5.4,4.9,6.0,0.6,0.5
"Received Counseling or Therapy, Last 4 Weeks",By Age,United States,70 - 79 years,Aug 19 - Aug 31,4.1,3.4,5.0,0.9,0.7
"Received Counseling or Therapy, Last 4 Weeks",By Age,United States,80 years and above,Aug 19 - Aug 31,3.0,2.0,4.4,1.4,1.0
"Took Prescription Medication for Mental Health And/Or Received Counseling or Therapy, Last 4 Weeks",By Age,United States,18 - 29 years,Aug 19 - Aug 31,23.3,21.5,25.2,1.9,1.8
"Took Prescription Medication for Mental Health And/Or Received Counseling or Therapy, Last 4 Weeks",By Age,United States,30 - 39 years,Aug 19 - Aug 31,23.1,22.1,24.1,1.0,1.0
"Took Prescription Medication for Mental Health And/Or Received Counseling or Therapy, Last 4 Weeks",By Age,United States,40 - 49 years,Aug 19 - Aug 31,23.6,22.8,24.5,0.9,0.8
"Took Prescription Medication for Mental Health And/Or Received Counseling or Therapy, Last 4 Weeks",By Age,United States,50 - 59 years,Aug 19 - Aug 31,23.9,22.8,25.1,1.2,1.1
"Took Prescription Medication for Mental Health And/Or Received Counseling or Therapy, Last 4 Weeks",By Age,United States,60 - 69 years,Aug 19 - Aug 31,21.2,20.2,22.2,1.0,1.0
"Took Prescription Medication for Mental Health And/Or Received Counseling or Therapy, Last 4 Weeks",By Age,United States,70 - 79 years,Aug 19 - Aug 31,19.6,18.1,21.1,1.5,1.5
"Took Prescription Medication for Mental Health And/Or Received Counseling or Therapy, Last 4 Weeks",By Age,United States,80 years and above,Aug 19 - Aug 31,14.8,12.0,17.9,3.1,2.8
"Needed Counseling or Therapy But Did Not Get It, Last 4 Weeks",By Age,United States,18 - 29 years,Aug 19 - Aug 31,15.6,14.5,16.7,1.1,1.1
"Needed Counseling or Therapy But Did Not Get It, Last 4 Weeks",By Age,United States,30 - 39 years,Aug 19 - Aug 31,12.9,11.9,13.9,1.0,1.0
"Needed Counseling or Therapy But Did Not Get It, Last 4 Weeks",By Age,United States,40 - 49 years,Aug 19 - Aug 31,10.0,9.3,10.7,0.7,0.7
"Needed Counseling or Therapy But Did Not Get It, Last 4 Weeks",By Age,United States,50 - 59 years,Aug 19 - Aug 31,7.7,6.9,8.5,0.8,0.8
"Needed Counseling or Therapy But Did Not Get It, Last 4 Weeks",By Age,United States,60 - 69 years,Aug 19 - Aug 31,5.3,4.8,5.9,0.6,0.5
"Needed Counseling or Therapy But Did Not Get It, Last 4 Weeks",By Age,United States,70 - 79 years,Aug 19 - Aug 31,2.9,2.2,3.6,0.7,0.7
"Needed Counseling or Therapy But Did Not Get It, Last 4 Weeks",By Age,United States,80 years and above,Aug 19 - Aug 31,1.4,0.9,2.0,0.6,0.5
"Took Prescription Medication for Mental Health, Last 4 Weeks",By Age,United States,18 - 29 years,Sep 2 - Sep 14,18.4,17.4,19.4,1.0,1.0
"Took Prescription Medication for Mental Health, Last 4 Weeks",By Age,United States,30 - 39 years,Sep 2 - Sep 14,19.5,18.3,20.6,1.1,1.2
"Took Prescription Medication for Mental Health, Last 4 Weeks",By Age,United States,40 - 49 years,Sep 2 - Sep 14,19.9,18.9,21.0,1.1,1.0
"Took Prescription Medication for Mental Health, Last 4 Weeks",By Age,United States,50 - 59 years,Sep 2 - Sep 14,21.0,19.9,22.3,1.3,1.1
"Took Prescription Medication for Mental Health, Last 4 Weeks",By Age,United States,60 - 69 years,Sep 2 - Sep 14,21.1,20.2,22.1,1.0,0.9
"Took Prescription Medication for Mental Health, Last 4 Weeks",By Age,United States,70 - 79 years,Sep 2 - Sep 14,18.1,16.5,19.9,1.8,1.6
"Took Prescription Medication for Mental Health, Last 4 Weeks",By Age,United States,80 years and above,Sep 2 - Sep 14,11.7,8.5,15.7,4.0,3.2
"Received Counseling or Therapy, Last 4 Weeks",By Age,United States,18 - 29 years,Sep 2 - Sep 14,13.0,11.8,14.2,1.2,1.2
"Received Counseling or Therapy, Last 4 Weeks",By Age,United States,30 - 39 years,Sep 2 - Sep 14,12.4,11.6,13.2,0.8,0.8
"Received Counseling or Therapy, Last 4 Weeks",By Age,United States,40 - 49 years,Sep 2 - Sep 14,10.5,9.7,11.4,0.9,0.8
"Received Counseling or Therapy, Last 4 Weeks",By Age,United States,50 - 59 years,Sep 2 - Sep 14,8.1,7.4,8.8,0.7,0.7
"Received Counseling or Therapy, Last 4 Weeks",By Age,United States,60 - 69 years,Sep 2 - Sep 14,5.9,5.3,6.6,0.7,0.6
"Received Counseling or Therapy, Last 4 Weeks",By Age,United States,70 - 79 years,Sep 2 - Sep 14,3.7,3.2,4.4,0.7,0.5
"Received Counseling or Therapy, Last 4 Weeks",By Age,United States,80 years and above,Sep 2 - Sep 14,3.5,2.3,5.1,1.6,1.2
"Took Prescription Medication for Mental Health And/Or Received Counseling or Therapy, Last 4 Weeks",By Age,United States,18 - 29 years,Sep 2 - Sep 14,23.1,21.8,24.4,1.3,1.3
"Took Prescription Medication for Mental Health And/Or Received Counseling or Therapy, Last 4 Weeks",By Age,United States,30 - 39 years,Sep 2 - Sep 14,24.3,23.1,25.5,1.2,1.2
"Took Prescription Medication for Mental Health And/Or Received Counseling or Therapy, Last 4 Weeks",By Age,United States,40 - 49 years,Sep 2 - Sep 14,23.8,22.6,25.0,1.2,1.2
"Took Prescription Medication for Mental Health And/Or Received Counseling or Therapy, Last 4 Weeks",By Age,United States,50 - 59 years,Sep 2 - Sep 14,23.5,22.3,24.7,1.2,1.2
"Took Prescription Medication for Mental Health And/Or Received Counseling or Therapy, Last 4 Weeks",By Age,United States,60 - 69 years,Sep 2 - Sep 14,22.7,21.7,23.6,0.9,1.0
"Took Prescription Medication for Mental Health And/Or Received Counseling or Therapy, Last 4 Weeks",By Age,United States,70 - 79 years,Sep 2 - Sep 14,19.3,17.6,21.1,1.8,1.7
"Took Prescription Medication for Mental Health And/Or Received Counseling or Therapy, Last 4 Weeks",By Age,United States,80 years and above,Sep 2 - Sep 14,13.8,10.1,18.3,4.5,3.7
"Needed Counseling or Therapy But Did Not Get It, Last 4 Weeks",By Age,United States,18 - 29 years,Sep 2 - Sep 14,15.9,14.5,17.3,1.4,1.4
"Needed Counseling or Therapy But Did Not Get It, Last 4 Weeks",By Age,United States,30 - 39 years,Sep 2 - Sep 14,13.8,12.8,15.0,1.2,1.0
"Needed Counseling or Therapy But Did Not Get It, Last 4 Weeks",By Age,United States,40 - 49 years,Sep 2 - Sep 14,11.2,10.2,12.3,1.1,1.0
"Needed Counseling or Therapy But Did Not Get It, Last 4 Weeks",By Age,United States,50 - 59 years,Sep 2 - Sep 14,7.6,7.0,8.3,0.7,0.6
"Needed Counseling or Therapy But Did Not Get It, Last 4 Weeks",By Age,United States,60 - 69 years,Sep 2 - Sep 14,5.3,4.8,5.9,0.6,0.5
"Needed Counseling or Therapy But Did Not Get It, Last 4 Weeks",By Age,United States,70 - 79 years,Sep 2 - Sep 14,3.3,2.7,4.0,0.7,0.6
"Needed Counseling or Therapy But Did Not Get It, Last 4 Weeks",By Age,United States,80 years and above,Sep 2 - Sep 14,3.5,2.2,5.2,1.7,1.3
"Took Prescription Medication for Mental Health, Last 4 Weeks",By Age,United States,18 - 29 years,Sep 16 - Sep 28,19.1,17.2,21.0,1.9,1.9
"Took Prescription Medication for Mental Health, Last 4 Weeks",By Age,United States,30 - 39 years,Sep 16 - Sep 28,20.0,19.0,20.9,0.9,1.0
"Took Prescription Medication for Mental Health, Last 4 Weeks",By Age,United States,40 - 49 years,Sep 16 - Sep 28,20.4,19.5,21.4,1.0,0.9
"Took Prescription Medication for Mental Health, Last 4 Weeks",By Age,United States,50 - 59 years,Sep 16 - Sep 28,21.2,20.1,22.4,1.2,1.1
"Took Prescription Medication for Mental Health, Last 4 Weeks",By Age,United States,60 - 69 years,Sep 16 - Sep 28,21.0,19.9,22.3,1.3,1.1
"Took Prescription Medication for Mental Health, Last 4 Weeks",By Age,United States,70 - 79 years,Sep 16 - Sep 28,16.6,15.1,18.1,1.5,1.5
"Took Prescription Medication for Mental Health, Last 4 Weeks",By Age,United States,80 years and above,Sep 16 - Sep 28,13.3,10.7,16.2,2.9,2.6
"Received Counseling or Therapy, Last 4 Weeks",By Age,United States,18 - 29 years,Sep 16 - Sep 28,12.1,11.0,13.3,1.2,1.1
"Received Counseling or Therapy, Last 4 Weeks",By Age,United States,30 - 39 years,Sep 16 - Sep 28,12.8,11.9,13.9,1.1,0.9
"Received Counseling or Therapy, Last 4 Weeks",By Age,United States,40 - 49 years,Sep 16 - Sep 28,10.4,9.5,11.3,0.9,0.9
"Received Counseling or Therapy, Last 4 Weeks",By Age,United States,50 - 59 years,Sep 16 - Sep 28,7.9,7.3,8.6,0.7,0.6
"Received Counseling or Therapy, Last 4 Weeks",By Age,United States,60 - 69 years,Sep 16 - Sep 28,6.2,5.4,7.1,0.9,0.8
"Received Counseling or Therapy, Last 4 Weeks",By Age,United States,70 - 79 years,Sep 16 - Sep 28,3.8,3.1,4.5,0.7,0.7
"Received Counseling or Therapy, Last 4 Weeks",By Age,United States,80 years and above,Sep 16 - Sep 28,3.6,2.3,5.2,1.6,1.3
"Took Prescription Medication for Mental Health And/Or Received Counseling or Therapy, Last 4 Weeks",By Age,United States,18 - 29 years,Sep 16 - Sep 28,23.8,22.0,25.7,1.9,1.8
"Took Prescription Medication for Mental Health And/Or Received Counseling or Therapy, Last 4 Weeks",By Age,United States,30 - 39 years,Sep 16 - Sep 28,24.8,23.6,26.0,1.2,1.2
"Took Prescription Medication for Mental Health And/Or Received Counseling or Therapy, Last 4 Weeks",By Age,United States,40 - 49 years,Sep 16 - Sep 28,24.1,23.0,25.2,1.1,1.1
"Took Prescription Medication for Mental Health And/Or Received Counseling or Therapy, Last 4 Weeks",By Age,United States,50 - 59 years,Sep 16 - Sep 28,23.5,22.4,24.7,1.2,1.1
"Took Prescription Medication for Mental Health And/Or Received Counseling or Therapy, Last 4 Weeks",By Age,United States,60 - 69 years,Sep 16 - Sep 28,22.6,21.3,23.9,1.3,1.3
"Took Prescription Medication for Mental Health And/Or Received Counseling or Therapy, Last 4 Weeks",By Age,United States,70 - 79 years,Sep 16 - Sep 28,17.5,16.1,19.0,1.5,1.4
"Took Prescription Medication for Mental Health And/Or Received Counseling or Therapy, Last 4 Weeks",By Age,United States,80 years and above,Sep 16 - Sep 28,14.9,12.1,18.0,3.1,2.8
"Needed Counseling or Therapy But Did Not Get It, Last 4 Weeks",By Age,United States,18 - 29 years,Sep 16 - Sep 28,18.5,17.1,20.0,1.5,1.4
"Needed Counseling or Therapy But Did Not Get It, Last 4 Weeks",By Age,United States,30 - 39 years,Sep 16 - Sep 28,14.6,13.5,15.8,1.2,1.1
"Needed Counseling or Therapy But Did Not Get It, Last 4 Weeks",By Age,United States,40 - 49 years,Sep 16 - Sep 28,10.8,9.9,11.9,1.1,0.9
"Needed Counseling or Therapy But Did Not Get It, Last 4 Weeks",By Age,United States,50 - 59 years,Sep 16 - Sep 28,8.5,7.8,9.4,0.9,0.7
"Needed Counseling or Therapy But Did Not Get It, Last 4 Weeks",By Age,United States,60 - 69 years,Sep 16 - Sep 28,5.8,5.1,6.5,0.7,0.7
"Needed Counseling or Therapy But Did Not Get It, Last 4 Weeks",By Age,United States,70 - 79 years,Sep 16 - Sep 28,3.3,2.7,3.9,0.6,0.6
"Took Prescription Medication for Mental Health, Last 4 Weeks",By Age,United States,18 - 29 years,Sep 30 - Oct 12,17.5,16.1,19.0,1.5,1.4
"Took Prescription Medication for Mental Health, Last 4 Weeks",By Age,United States,30 - 39 years,Sep 30 - Oct 12,19.2,18.1,20.4,1.2,1.1
"Took Prescription Medication for Mental Health, Last 4 Weeks",By Age,United States,40 - 49 years,Sep 30 - Oct 12,21.1,20.0,22.2,1.1,1.1
"Took Prescription Medication for Mental Health, Last 4 Weeks",By Age,United States,50 - 59 years,Sep 30 - Oct 12,21.1,20.0,22.3,1.2,1.1
"Took Prescription Medication for Mental Health, Last 4 Weeks",By Age,United States,60 - 69 years,Sep 30 - Oct 12,20.1,18.9,21.3,1.2,1.2
"Took Prescription Medication for Mental Health, Last 4 Weeks",By Age,United States,70 - 79 years,Sep 30 - Oct 12,18.2,16.8,19.7,1.5,1.4
"Took Prescription Medication for Mental Health, Last 4 Weeks",By Age,United States,80 years and above,Sep 30 - Oct 12,12.9,10.5,15.7,2.8,2.4
"Received Counseling or Therapy, Last 4 Weeks",By Age,United States,18 - 29 years,Sep 30 - Oct 12,12.5,11.1,14.1,1.6,1.4
"Received Counseling or Therapy, Last 4 Weeks",By Age,United States,30 - 39 years,Sep 30 - Oct 12,12.4,11.5,13.4,1.0,0.9
"Received Counseling or Therapy, Last 4 Weeks",By Age,United States,40 - 49 years,Sep 30 - Oct 12,10.8,10.0,11.7,0.9,0.8
"Received Counseling or Therapy, Last 4 Weeks",By Age,United States,50 - 59 years,Sep 30 - Oct 12,8.3,7.6,9.0,0.7,0.7
"Received Counseling or Therapy, Last 4 Weeks",By Age,United States,60 - 69 years,Sep 30 - Oct 12,5.5,5.0,6.1,0.6,0.5
"Received Counseling or Therapy, Last 4 Weeks",By Age,United States,70 - 79 years,Sep 30 - Oct 12,4.3,3.5,5.1,0.8,0.8
"Received Counseling or Therapy, Last 4 Weeks",By Age,United States,80 years and above,Sep 30 - Oct 12,2.9,1.8,4.4,1.5,1.1
"Took Prescription Medication for Mental Health And/Or Received Counseling or Therapy, Last 4 Weeks",By Age,United States,18 - 29 years,Sep 30 - Oct 12,22.2,20.6,23.9,1.7,1.6
"Took Prescription Medication for Mental Health And/Or Received Counseling or Therapy, Last 4 Weeks",By Age,United States,30 - 39 years,Sep 30 - Oct 12,24.6,23.3,25.8,1.2,1.3
"Took Prescription Medication for Mental Health And/Or Received Counseling or Therapy, Last 4 Weeks",By Age,United States,40 - 49 years,Sep 30 - Oct 12,24.5,23.2,25.8,1.3,1.3
"Took Prescription Medication for Mental Health And/Or Received Counseling or Therapy, Last 4 Weeks",By Age,United States,50 - 59 years,Sep 30 - Oct 12,23.6,22.4,24.8,1.2,1.2
"Took Prescription Medication for Mental Health And/Or Received Counseling or Therapy, Last 4 Weeks",By Age,United States,60 - 69 years,Sep 30 - Oct 12,21.5,20.3,22.7,1.2,1.2
"Took Prescription Medication for Mental Health And/Or Received Counseling or Therapy, Last 4 Weeks",By Age,United States,70 - 79 years,Sep 30 - Oct 12,19.4,17.9,21.0,1.6,1.5
"Took Prescription Medication for Mental Health And/Or Received Counseling or Therapy, Last 4 Weeks",By Age,United States,80 years and above,Sep 30 - Oct 12,13.9,11.4,16.6,2.7,2.5
"Needed Counseling or Therapy But Did Not Get It, Last 4 Weeks",By Age,United States,18 - 29 years,Sep 30 - Oct 12,16.6,15.0,18.2,1.6,1.6
"Needed Counseling or Therapy But Did Not Get It, Last 4 Weeks",By Age,United States,30 - 39 years,Sep 30 - Oct 12,14.0,12.9,15.2,1.2,1.1
"Needed Counseling or Therapy But Did Not Get It, Last 4 Weeks",By Age,United States,40 - 49 years,Sep 30 - Oct 12,10.7,10.1,11.4,0.7,0.6
"Needed Counseling or Therapy But Did Not Get It, Last 4 Weeks",By Age,United States,50 - 59 years,Sep 30 - Oct 12,8.3,7.6,9.1,0.8,0.7
"Needed Counseling or Therapy But Did Not Get It, Last 4 Weeks",By Age,United States,60 - 69 years,Sep 30 - Oct 12,5.2,4.6,5.9,0.7,0.6
"Needed Counseling or Therapy But Did Not Get It, Last 4 Weeks",By Age,United States,70 - 79 years,Sep 30 - Oct 12,2.6,2.1,3.1,0.5,0.5
"Needed Counseling or Therapy But Did Not Get It, Last 4 Weeks",By Age,United States,80 years and above,Sep 30 - Oct 12,2.3,1.1,4.2,1.9,1.2
"Took Prescription Medication for Mental Health, Last 4 Weeks",By Age,United States,18 - 29 years,Oct 14 - Oct 26,19.4,17.4,21.5,2.1,2.0
"Took Prescription Medication for Mental Health, Last 4 Weeks",By Age,United States,30 - 39 years,Oct 14 - Oct 26,21.0,19.8,22.2,1.2,1.2
"Took Prescription Medication for Mental Health, Last 4 Weeks",By Age,United States,40 - 49 years,Oct 14 - Oct 26,21.3,20.2,22.5,1.2,1.1
"Took Prescription Medication for Mental Health, Last 4 Weeks",By Age,United States,50 - 59 years,Oct 14 - Oct 26,22.9,21.4,24.4,1.5,1.5
"Took Prescription Medication for Mental Health, Last 4 Weeks",By Age,United States,60 - 69 years,Oct 14 - Oct 26,19.5,18.4,20.5,1.0,1.1
"Took Prescription Medication for Mental Health, Last 4 Weeks",By Age,United States,70 - 79 years,Oct 14 - Oct 26,17.6,16.0,19.2,1.6,1.6
"Took Prescription Medication for Mental Health, Last 4 Weeks",By Age,United States,80 years and above,Oct 14 - Oct 26,12.0,8.8,16.0,4.0,3.2
"Received Counseling or Therapy, Last 4 Weeks",By Age,United States,18 - 29 years,Oct 14 - Oct 26,14.5,12.7,16.3,1.8,1.8
"Received Counseling or Therapy, Last 4 Weeks",By Age,United States,30 - 39 years,Oct 14 - Oct 26,14.5,13.4,15.7,1.2,1.1
"Received Counseling or Therapy, Last 4 Weeks",By Age,United States,40 - 49 years,Oct 14 - Oct 26,10.8,10.0,11.6,0.8,0.8
"Received Counseling or Therapy, Last 4 Weeks",By Age,United States,50 - 59 years,Oct 14 - Oct 26,9.6,8.5,10.7,1.1,1.1
"Received Counseling or Therapy, Last 4 Weeks",By Age,United States,60 - 69 years,Oct 14 - Oct 26,5.9,5.3,6.5,0.6,0.6
"Received Counseling or Therapy, Last 4 Weeks",By Age,United States,70 - 79 years,Oct 14 - Oct 26,3.5,2.8,4.3,0.8,0.7
"Took Prescription Medication for Mental Health And/Or Received Counseling or Therapy, Last 4 Weeks",By Age,United States,18 - 29 years,Oct 14 - Oct 26,24.7,22.5,27.0,2.3,2.2
"Took Prescription Medication for Mental Health And/Or Received Counseling or Therapy, Last 4 Weeks",By Age,United States,30 - 39 years,Oct 14 - Oct 26,26.5,25.2,27.8,1.3,1.3
"Took Prescription Medication for Mental Health And/Or Received Counseling or Therapy, Last 4 Weeks",By Age,United States,40 - 49 years,Oct 14 - Oct 26,25.1,23.8,26.4,1.3,1.3
"Took Prescription Medication for Mental Health And/Or Received Counseling or Therapy, Last 4 Weeks",By Age,United States,50 - 59 years,Oct 14 - Oct 26,25.7,24.1,27.3,1.6,1.6
"Took Prescription Medication for Mental Health And/Or Received Counseling or Therapy, Last 4 Weeks",By Age,United States,60 - 69 years,Oct 14 - Oct 26,21.4,20.3,22.5,1.1,1.1
"Took Prescription Medication for Mental Health And/Or Received Counseling or Therapy, Last 4 Weeks",By Age,United States,70 - 79 years,Oct 14 - Oct 26,18.5,17.0,20.1,1.6,1.5
"Took Prescription Medication for Mental Health And/Or Received Counseling or Therapy, Last 4 Weeks",By Age,United States,80 years and above,Oct 14 - Oct 26,14.0,9.9,19.0,5.0,4.1
"Needed Counseling or Therapy But Did Not Get It, Last 4 Weeks",By Age,United States,18 - 29 years,Oct 14 - Oct 26,18.5,16.8,20.4,1.9,1.7
"Needed Counseling or Therapy But Did Not Get It, Last 4 Weeks",By Age,United States,30 - 39 years,Oct 14 - Oct 26,15.3,14.2,16.5,1.2,1.1
"Needed Counseling or Therapy But Did Not Get It, Last 4 Weeks",By Age,United States,40 - 49 years,Oct 14 - Oct 26,10.9,9.9,12.0,1.1,1.0
"Needed Counseling or Therapy But Did Not Get It, Last 4 Weeks",By Age,United States,50 - 59 years,Oct 14 - Oct 26,8.8,7.8,10.0,1.2,1.0
"Needed Counseling or Therapy But Did Not Get It, Last 4 Weeks",By Age,United States,60 - 69 years,Oct 14 - Oct 26,5.4,4.9,6.0,0.6,0.5
"Needed Counseling or Therapy But Did Not Get It, Last 4 Weeks",By Age,United States,70 - 79 years,Oct 14 - Oct 26,3.0,2.4,3.8,0.8,0.6
"Needed Counseling or Therapy But Did Not Get It, Last 4 Weeks",By Age,United States,80 years and above,Oct 14 - Oct 26,5.5,2.7,9.9,4.4,2.8
"Took Prescription Medication for Mental Health, Last 4 Weeks",By Age,United States,18 - 29 years,Oct 28 - Nov 9,21.0,18.5,23.7,2.7,2.5
"Took Prescription Medication for Mental Health, Last 4 Weeks",By Age,United States,30 - 39 years,Oct 28 - Nov 9,22.3,20.8,23.9,1.6,1.5
"Took Prescription Medication for Mental Health, Last 4 Weeks",By Age,United States,40 - 49 years,Oct 28 - Nov 9,20.3,19.3,21.4,1.1,1.0
"Took Prescription Medication for Mental Health, Last 4 Weeks",By Age,United States,50 - 59 years,Oct 28 - Nov 9,21.4,20.2,22.7,1.3,1.2
"Took Prescription Medication for Mental Health, Last 4 Weeks",By Age,United States,60 - 69 years,Oct 28 - Nov 9,21.5,20.0,23.1,1.6,1.5
"Took Prescription Medication for Mental Health, Last 4 Weeks",By Age,United States,70 - 79 years,Oct 28 - Nov 9,18.4,16.6,20.3,1.9,1.8
"Took Prescription Medication for Mental Health, Last 4 Weeks",By Age,United States,80 years and above,Oct 28 - Nov 9,13.6,9.8,18.1,4.5,3.8
"Received Counseling or Therapy, Last 4 Weeks",By Age,United States,18 - 29 years,Oct 28 - Nov 9,14.8,13.0,16.8,2.0,1.8
"Received Counseling or Therapy, Last 4 Weeks",By Age,United States,30 - 39 years,Oct 28 - Nov 9,14.4,13.2,15.8,1.4,1.2
"Received Counseling or Therapy, Last 4 Weeks",By Age,United States,40 - 49 years,Oct 28 - Nov 9,10.1,9.4,10.9,0.8,0.7
"Received Counseling or Therapy, Last 4 Weeks",By Age,United States,50 - 59 years,Oct 28 - Nov 9,9.2,8.0,10.6,1.4,1.2
"Received Counseling or Therapy, Last 4 Weeks",By Age,United States,60 - 69 years,Oct 28 - Nov 9,6.3,5.4,7.2,0.9,0.9
"Received Counseling or Therapy, Last 4 Weeks",By Age,United States,70 - 79 years,Oct 28 - Nov 9,3.2,2.6,3.9,0.7,0.6
"Received Counseling or Therapy, Last 4 Weeks",By Age,United States,80 years and above,Oct 28 - Nov 9,2.9,1.7,4.7,1.8,1.2
"Took Prescription Medication for Mental Health And/Or Received Counseling or Therapy, Last 4 Weeks",By Age,United States,18 - 29 years,Oct 28 - Nov 9,26.8,24.1,29.6,2.8,2.7
"Took Prescription Medication for Mental Health And/Or Received Counseling or Therapy, Last 4 Weeks",By Age,United States,30 - 39 years,Oct 28 - Nov 9,27.5,25.9,29.2,1.7,1.6
"Took Prescription Medication for Mental Health And/Or Received Counseling or Therapy, Last 4 Weeks",By Age,United States,40 - 49 years,Oct 28 - Nov 9,23.9,22.8,25.0,1.1,1.1
"Took Prescription Medication for Mental Health And/Or Received Counseling or Therapy, Last 4 Weeks",By Age,United States,50 - 59 years,Oct 28 - Nov 9,24.5,23.0,25.9,1.4,1.5
"Took Prescription Medication for Mental Health And/Or Received Counseling or Therapy, Last 4 Weeks",By Age,United States,60 - 69 years,Oct 28 - Nov 9,23.2,21.6,24.9,1.7,1.6
"Took Prescription Medication for Mental Health And/Or Received Counseling or Therapy, Last 4 Weeks",By Age,United States,70 - 79 years,Oct 28 - Nov 9,19.5,17.7,21.4,1.9,1.8
"Took Prescription Medication for Mental Health And/Or Received Counseling or Therapy, Last 4 Weeks",By Age,United States,80 years and above,Oct 28 - Nov 9,15.2,11.2,19.8,4.6,4.0
"Needed Counseling or Therapy But Did Not Get It, Last 4 Weeks",By Age,United States,18 - 29 years,Oct 28 - Nov 9,21.6,19.4,23.9,2.3,2.2
"Needed Counseling or Therapy But Did Not Get It, Last 4 Weeks",By Age,United States,30 - 39 years,Oct 28 - Nov 9,16.1,14.8,17.6,1.5,1.3
"Needed Counseling or Therapy But Did Not Get It, Last 4 Weeks",By Age,United States,40 - 49 years,Oct 28 - Nov 9,11.0,10.0,12.2,1.2,1.0
"Needed Counseling or Therapy But Did Not Get It, Last 4 Weeks",By Age,United States,50 - 59 years,Oct 28 - Nov 9,9.7,8.6,10.9,1.2,1.1
"Needed Counseling or Therapy But Did Not Get It, Last 4 Weeks",By Age,United States,60 - 69 years,Oct 28 - Nov 9,5.6,4.7,6.6,1.0,0.9
"Needed Counseling or Therapy But Did Not Get It, Last 4 Weeks",By Age,United States,70 - 79 years,Oct 28 - Nov 9,3.6,2.8,4.5,0.9,0.8
"Took Prescription Medication for Mental Health, Last 4 Weeks",By Age,United States,18 - 29 years,Nov 11 - Nov 23,19.9,18.1,21.8,1.9,1.8
"Took Prescription Medication for Mental Health, Last 4 Weeks",By Age,United States,30 - 39 years,Nov 11 - Nov 23,21.9,20.4,23.5,1.6,1.5
"Took Prescription Medication for Mental Health, Last 4 Weeks",By Age,United States,40 - 49 years,Nov 11 - Nov 23,21.9,20.6,23.1,1.2,1.3
"Took Prescription Medication for Mental Health, Last 4 Weeks",By Age,United States,50 - 59 years,Nov 11 - Nov 23,24.6,23.0,26.2,1.6,1.6
"Took Prescription Medication for Mental Health, Last 4 Weeks",By Age,United States,60 - 69 years,Nov 11 - Nov 23,22.2,20.8,23.6,1.4,1.4
"Took Prescription Medication for Mental Health, Last 4 Weeks",By Age,United States,70 - 79 years,Nov 11 - Nov 23,18.9,16.8,21.1,2.2,2.1
"Took Prescription Medication for Mental Health, Last 4 Weeks",By Age,United States,80 years and above,Nov 11 - Nov 23,13.8,10.5,17.7,3.9,3.3
"Received Counseling or Therapy, Last 4 Weeks",By Age,United States,18 - 29 years,Nov 11 - Nov 23,15.0,13.3,16.8,1.8,1.7
"Received Counseling or Therapy, Last 4 Weeks",By Age,United States,30 - 39 years,Nov 11 - Nov 23,13.4,12.2,14.8,1.4,1.2
"Received Counseling or Therapy, Last 4 Weeks",By Age,United States,40 - 49 years,Nov 11 - Nov 23,11.6,10.6,12.7,1.1,1.0
"Received Counseling or Therapy, Last 4 Weeks",By Age,United States,50 - 59 years,Nov 11 - Nov 23,8.7,7.9,9.7,1.0,0.8
"Received Counseling or Therapy, Last 4 Weeks",By Age,United States,60 - 69 years,Nov 11 - Nov 23,6.0,5.1,7.0,1.0,0.9
"Received Counseling or Therapy, Last 4 Weeks",By Age,United States,70 - 79 years,Nov 11 - Nov 23,4.1,3.3,5.0,0.9,0.8
"Received Counseling or Therapy, Last 4 Weeks",By Age,United States,80 years and above,Nov 11 - Nov 23,3.8,2.0,6.4,2.6,1.8
"Took Prescription Medication for Mental Health And/Or Received Counseling or Therapy, Last 4 Weeks",By Age,United States,18 - 29 years,Nov 11 - Nov 23,25.5,23.4,27.6,2.1,2.1
"Took Prescription Medication for Mental Health And/Or Received Counseling or Therapy, Last 4 Weeks",By Age,United States,30 - 39 years,Nov 11 - Nov 23,26.8,25.1,28.6,1.8,1.7
"Took Prescription Medication for Mental Health And/Or Received Counseling or Therapy, Last 4 Weeks",By Age,United States,40 - 49 years,Nov 11 - Nov 23,26.1,24.9,27.4,1.3,1.2
"Took Prescription Medication for Mental Health And/Or Received Counseling or Therapy, Last 4 Weeks",By Age,United States,50 - 59 years,Nov 11 - Nov 23,26.9,25.3,28.5,1.6,1.6
"Took Prescription Medication for Mental Health And/Or Received Counseling or Therapy, Last 4 Weeks",By Age,United States,60 - 69 years,Nov 11 - Nov 23,23.5,22.1,24.9,1.4,1.4
"Took Prescription Medication for Mental Health And/Or Received Counseling or Therapy, Last 4 Weeks",By Age,United States,70 - 79 years,Nov 11 - Nov 23,19.9,17.9,22.0,2.1,2.0
"Took Prescription Medication for Mental Health And/Or Received Counseling or Therapy, Last 4 Weeks",By Age,United States,80 years and above,Nov 11 - Nov 23,15.1,11.7,19.0,3.9,3.4
"Needed Counseling or Therapy But Did Not Get It, Last 4 Weeks",By Age,United States,18 - 29 years,Nov 11 - Nov 23,18.7,17.0,20.4,1.7,1.7
"Needed Counseling or Therapy But Did Not Get It, Last 4 Weeks",By Age,United States,30 - 39 years,Nov 11 - Nov 23,15.4,14.2,16.7,1.3,1.2
"Needed Counseling or Therapy But Did Not Get It, Last 4 Weeks",By Age,United States,40 - 49 years,Nov 11 - Nov 23,11.9,10.9,13.0,1.1,1.0
"Needed Counseling or Therapy But Did Not Get It, Last 4 Weeks",By Age,United States,50 - 59 years,Nov 11 - Nov 23,10.7,9.7,11.7,1.0,1.0
"Needed Counseling or Therapy But Did Not Get It, Last 4 Weeks",By Age,United States,60 - 69 years,Nov 11 - Nov 23,6.3,5.4,7.3,1.0,0.9
"Needed Counseling or Therapy But Did Not Get It, Last 4 Weeks",By Age,United States,70 - 79 years,Nov 11 - Nov 23,3.4,2.6,4.4,1.0,0.8
"Needed Counseling or Therapy But Did Not Get It, Last 4 Weeks",By Age,United States,80 years and above,Nov 11 - Nov 23,2.9,1.3,5.5,2.6,1.6
"Took Prescription Medication for Mental Health, Last 4 Weeks",By Age,United States,18 - 29 years,Nov 25 - Dec 7,20.0,18.0,22.1,2.1,2.0
"Took Prescription Medication for Mental Health, Last 4 Weeks",By Age,United States,30 - 39 years,Nov 25 - Dec 7,21.1,19.9,22.4,1.3,1.2
"Took Prescription Medication for Mental Health, Last 4 Weeks",By Age,United States,40 - 49 years,Nov 25 - Dec 7,23.1,21.8,24.5,1.4,1.3
"Took Prescription Medication for Mental Health, Last 4 Weeks",By Age,United States,50 - 59 years,Nov 25 - Dec 7,24.3,22.8,25.9,1.6,1.5
"Took Prescription Medication for Mental Health, Last 4 Weeks",By Age,United States,60 - 69 years,Nov 25 - Dec 7,20.7,19.4,22.1,1.4,1.3
"Took Prescription Medication for Mental Health, Last 4 Weeks",By Age,United States,70 - 79 years,Nov 25 - Dec 7,19.5,17.6,21.5,2.0,1.9
"Took Prescription Medication for Mental Health, Last 4 Weeks",By Age,United States,80 years and above,Nov 25 - Dec 7,12.5,9.5,16.1,3.6,3.0
"Received Counseling or Therapy, Last 4 Weeks",By Age,United States,18 - 29 years,Nov 25 - Dec 7,13.1,11.8,14.5,1.4,1.3
"Received Counseling or Therapy, Last 4 Weeks",By Age,United States,30 - 39 years,Nov 25 - Dec 7,14.2,13.0,15.4,1.2,1.2
"Received Counseling or Therapy, Last 4 Weeks",By Age,United States,40 - 49 years,Nov 25 - Dec 7,12.0,10.9,13.2,1.2,1.1
"Received Counseling or Therapy, Last 4 Weeks",By Age,United States,50 - 59 years,Nov 25 - Dec 7,9.9,8.9,10.9,1.0,1.0
"Received Counseling or Therapy, Last 4 Weeks",By Age,United States,60 - 69 years,Nov 25 - Dec 7,6.2,5.2,7.2,1.0,1.0
"Received Counseling or Therapy, Last 4 Weeks",By Age,United States,70 - 79 years,Nov 25 - Dec 7,4.5,3.5,5.5,1.0,1.0
"Took Prescription Medication for Mental Health And/Or Received Counseling or Therapy, Last 4 Weeks",By Age,United States,18 - 29 years,Nov 25 - Dec 7,24.8,22.9,26.7,1.9,1.9
"Took Prescription Medication for Mental Health And/Or Received Counseling or Therapy, Last 4 Weeks",By Age,United States,30 - 39 years,Nov 25 - Dec 7,26.9,25.5,28.4,1.5,1.4
"Took Prescription Medication for Mental Health And/Or Received Counseling or Therapy, Last 4 Weeks",By Age,United States,40 - 49 years,Nov 25 - Dec 7,27.2,26.0,28.6,1.4,1.2
"Took Prescription Medication for Mental Health And/Or Received Counseling or Therapy, Last 4 Weeks",By Age,United States,50 - 59 years,Nov 25 - Dec 7,27.4,25.9,29.0,1.6,1.5
"Took Prescription Medication for Mental Health And/Or Received Counseling or Therapy, Last 4 Weeks",By Age,United States,60 - 69 years,Nov 25 - Dec 7,22.6,21.3,23.9,1.3,1.3
"Took Prescription Medication for Mental Health And/Or Received Counseling or Therapy, Last 4 Weeks",By Age,United States,70 - 79 years,Nov 25 - Dec 7,20.7,18.8,22.7,2.0,1.9
"Took Prescription Medication for Mental Health And/Or Received Counseling or Therapy, Last 4 Weeks",By Age,United States,80 years and above,Nov 25 - Dec 7,14.6,10.4,19.7,5.1,4.2
"Needed Counseling or Therapy But Did Not Get It, Last 4 Weeks",By Age,United States,18 - 29 years,Nov 25 - Dec 7,21.8,19.8,24.0,2.2,2.0
"Needed Counseling or Therapy But Did Not Get It, Last 4 Weeks",By Age,United States,30 - 39 years,Nov 25 - Dec 7,17.2,15.8,18.7,1.5,1.4
"Needed Counseling or Therapy But Did Not Get It, Last 4 Weeks",By Age,United States,40 - 49 years,Nov 25 - Dec 7,13.5,12.4,14.8,1.3,1.1
"Needed Counseling or Therapy But Did Not Get It, Last 4 Weeks",By Age,United States,50 - 59 years,Nov 25 - Dec 7,9.5,8.5,10.6,1.1,1.0
"Needed Counseling or Therapy But Did Not Get It, Last 4 Weeks",By Age,United States,60 - 69 years,Nov 25 - Dec 7,6.0,5.2,6.9,0.9,0.8
"Needed Counseling or Therapy But Did Not Get It, Last 4 Weeks",By Age,United States,70 - 79 years,Nov 25 - Dec 7,3.2,2.5,3.9,0.7,0.7
"Needed Counseling or Therapy But Did Not Get It, Last 4 Weeks",By Age,United States,80 years and above,Nov 25 - Dec 7,3.6,2.0,6.0,2.4,1.6
"Took Prescription Medication for Mental Health, Last 4 Weeks",By Age,United States,18 - 29 years,Dec 9 - Dec 21,19.9,17.7,22.3,2.4,2.2
"Took Prescription Medication for Mental Health, Last 4 Weeks",By Age,United States,30 - 39 years,Dec 9 - Dec 21,22.1,20.6,23.6,1.5,1.5
"Took Prescription Medication for Mental Health, Last 4 Weeks",By Age,United States,40 - 49 years,Dec 9 - Dec 21,22.2,20.9,23.5,1.3,1.3
"Took Prescription Medication for Mental Health, Last 4 Weeks",By Age,United States,50 - 59 years,Dec 9 - Dec 21,23.6,21.8,25.3,1.7,1.8
"Took Prescription Medication for Mental Health, Last 4 Weeks",By Age,United States,60 - 69 years,Dec 9 - Dec 21,22.4,21.1,23.7,1.3,1.3
"Took Prescription Medication for Mental Health, Last 4 Weeks",By Age,United States,70 - 79 years,Dec 9 - Dec 21,19.6,17.9,21.3,1.7,1.7
"Took Prescription Medication for Mental Health, Last 4 Weeks",By Age,United States,80 years and above,Dec 9 - Dec 21,21.0,15.8,27.0,6.0,5.2
"Received Counseling or Therapy, Last 4 Weeks",By Age,United States,18 - 29 years,Dec 9 - Dec 21,12.7,11.3,14.2,1.5,1.4
"Received Counseling or Therapy, Last 4 Weeks",By Age,United States,30 - 39 years,Dec 9 - Dec 21,15.3,14.1,16.6,1.3,1.2
"Received Counseling or Therapy, Last 4 Weeks",By Age,United States,40 - 49 years,Dec 9 - Dec 21,11.4,10.5,12.5,1.1,0.9
"Received Counseling or Therapy, Last 4 Weeks",By Age,United States,50 - 59 years,Dec 9 - Dec 21,9.9,8.9,10.9,1.0,1.0
"Received Counseling or Therapy, Last 4 Weeks",By Age,United States,60 - 69 years,Dec 9 - Dec 21,5.8,5.1,6.6,0.8,0.7
"Received Counseling or Therapy, Last 4 Weeks",By Age,United States,70 - 79 years,Dec 9 - Dec 21,4.3,3.6,5.2,0.9,0.7
"Received Counseling or Therapy, Last 4 Weeks",By Age,United States,80 years and above,Dec 9 - Dec 21,9.2,5.2,14.9,5.7,4.0
"Took Prescription Medication for Mental Health And/Or Received Counseling or Therapy, Last 4 Weeks",By Age,United States,18 - 29 years,Dec 9 - Dec 21,24.9,22.6,27.4,2.5,2.3
"Took Prescription Medication for Mental Health And/Or Received Counseling or Therapy, Last 4 Weeks",By Age,United States,30 - 39 years,Dec 9 - Dec 21,27.7,26.3,29.2,1.5,1.4
"Took Prescription Medication for Mental Health And/Or Received Counseling or Therapy, Last 4 Weeks",By Age,United States,40 - 49 years,Dec 9 - Dec 21,26.0,24.6,27.5,1.5,1.4
"Took Prescription Medication for Mental Health And/Or Received Counseling or Therapy, Last 4 Weeks",By Age,United States,50 - 59 years,Dec 9 - Dec 21,26.5,24.8,28.3,1.8,1.7
"Took Prescription Medication for Mental Health And/Or Received Counseling or Therapy, Last 4 Weeks",By Age,United States,60 - 69 years,Dec 9 - Dec 21,23.8,22.5,25.1,1.3,1.3
"Took Prescription Medication for Mental Health And/Or Received Counseling or Therapy, Last 4 Weeks",By Age,United States,70 - 79 years,Dec 9 - Dec 21,21.0,19.3,22.8,1.8,1.7
"Took Prescription Medication for Mental Health And/Or Received Counseling or Therapy, Last 4 Weeks",By Age,United States,80 years and above,Dec 9 - Dec 21,22.0,16.8,27.9,5.9,5.2
"Needed Counseling or Therapy But Did Not Get It, Last 4 Weeks",By Age,United States,18 - 29 years,Dec 9 - Dec 21,22.1,20.2,24.0,1.9,1.9
"Needed Counseling or Therapy But Did Not Get It, Last 4 Weeks",By Age,United States,30 - 39 years,Dec 9 - Dec 21,17.2,16.1,18.3,1.1,1.1
"Needed Counseling or Therapy But Did Not Get It, Last 4 Weeks",By Age,United States,40 - 49 years,Dec 9 - Dec 21,13.8,12.5,15.2,1.4,1.3
"Needed Counseling or Therapy But Did Not Get It, Last 4 Weeks",By Age,United States,50 - 59 years,Dec 9 - Dec 21,10.4,9.1,11.7,1.3,1.3
"Needed Counseling or Therapy But Did Not Get It, Last 4 Weeks",By Age,United States,60 - 69 years,Dec 9 - Dec 21,6.0,5.2,6.9,0.9,0.8
"Needed Counseling or Therapy But Did Not Get It, Last 4 Weeks",By Age,United States,70 - 79 years,Dec 9 - Dec 21,4.4,3.4,5.7,1.3,1.0
"Needed Counseling or Therapy But Did Not Get It, Last 4 Weeks",By Age,United States,80 years and above,Dec 9 - Dec 21,6.7,3.6,11.3,4.6,3.1
"Took Prescription Medication for Mental Health, Last 4 Weeks",By Age,United States,18 - 29 years,Jan 6 - Jan 18,20.5,18.8,22.3,1.8,1.7
"Took Prescription Medication for Mental Health, Last 4 Weeks",By Age,United States,30 - 39 years,Jan 6 - Jan 18,21.6,20.1,23.2,1.6,1.5
"Took Prescription Medication for Mental Health, Last 4 Weeks",By Age,United States,40 - 49 years,Jan 6 - Jan 18,21.0,19.6,22.4,1.4,1.4
"Took Prescription Medication for Mental Health, Last 4 Weeks",By Age,United States,50 - 59 years,Jan 6 - Jan 18,20.7,19.4,21.9,1.2,1.3
"Took Prescription Medication for Mental Health, Last 4 Weeks",By Age,United States,60 - 69 years,Jan 6 - Jan 18,20.6,19.4,21.9,1.3,1.2
"Took Prescription Medication for Mental Health, Last 4 Weeks",By Age,United States,70 - 79 years,Jan 6 - Jan 18,20.1,17.8,22.6,2.5,2.3
"Took Prescription Medication for Mental Health, Last 4 Weeks",By Age,United States,80 years and above,Jan 6 - Jan 18,17.0,13.7,20.7,3.7,3.3
"Received Counseling or Therapy, Last 4 Weeks",By Age,United States,18 - 29 years,Jan 6 - Jan 18,14.0,12.8,15.3,1.3,1.2
"Received Counseling or Therapy, Last 4 Weeks",By Age,United States,30 - 39 years,Jan 6 - Jan 18,13.1,12.1,14.2,1.1,1.0
"Received Counseling or Therapy, Last 4 Weeks",By Age,United States,40 - 49 years,Jan 6 - Jan 18,11.4,10.3,12.4,1.0,1.1
"Received Counseling or Therapy, Last 4 Weeks",By Age,United States,50 - 59 years,Jan 6 - Jan 18,8.0,7.3,8.9,0.9,0.7
"Received Counseling or Therapy, Last 4 Weeks",By Age,United States,60 - 69 years,Jan 6 - Jan 18,5.9,5.2,6.6,0.7,0.7
"Received Counseling or Therapy, Last 4 Weeks",By Age,United States,70 - 79 years,Jan 6 - Jan 18,4.3,3.1,5.8,1.5,1.2
"Received Counseling or Therapy, Last 4 Weeks",By Age,United States,80 years and above,Jan 6 - Jan 18,3.1,1.8,4.8,1.7,1.3
"Took Prescription Medication for Mental Health And/Or Received Counseling or Therapy, Last 4 Weeks",By Age,United States,18 - 29 years,Jan 6 - Jan 18,25.7,24.0,27.4,1.7,1.7
"Took Prescription Medication for Mental Health And/Or Received Counseling or Therapy, Last 4 Weeks",By Age,United States,30 - 39 years,Jan 6 - Jan 18,26.7,25.2,28.3,1.6,1.5
"Took Prescription Medication for Mental Health And/Or Received Counseling or Therapy, Last 4 Weeks",By Age,United States,40 - 49 years,Jan 6 - Jan 18,25.3,23.9,26.8,1.5,1.4
"Took Prescription Medication for Mental Health And/Or Received Counseling or Therapy, Last 4 Weeks",By Age,United States,50 - 59 years,Jan 6 - Jan 18,23.0,21.7,24.3,1.3,1.3
"Took Prescription Medication for Mental Health And/Or Received Counseling or Therapy, Last 4 Weeks",By Age,United States,60 - 69 years,Jan 6 - Jan 18,22.6,21.2,24.0,1.4,1.4
"Took Prescription Medication for Mental Health And/Or Received Counseling or Therapy, Last 4 Weeks",By Age,United States,70 - 79 years,Jan 6 - Jan 18,20.9,18.6,23.5,2.6,2.3
"Took Prescription Medication for Mental Health And/Or Received Counseling or Therapy, Last 4 Weeks",By Age,United States,80 years and above,Jan 6 - Jan 18,18.6,15.1,22.7,4.1,3.5
"Needed Counseling or Therapy But Did Not Get It, Last 4 Weeks",By Age,United States,18 - 29 years,Jan 6 - Jan 18,21.0,19.4,22.6,1.6,1.6
"Needed Counseling or Therapy But Did Not Get It, Last 4 Weeks",By Age,United States,30 - 39 years,Jan 6 - Jan 18,15.9,14.7,17.2,1.3,1.2
"Needed Counseling or Therapy But Did Not Get It, Last 4 Weeks",By Age,United States,40 - 49 years,Jan 6 - Jan 18,11.7,10.7,12.9,1.2,1.0
"Needed Counseling or Therapy But Did Not Get It, Last 4 Weeks",By Age,United States,50 - 59 years,Jan 6 - Jan 18,9.3,8.4,10.1,0.8,0.9
"Needed Counseling or Therapy But Did Not Get It, Last 4 Weeks",By Age,United States,60 - 69 years,Jan 6 - Jan 18,5.6,4.9,6.3,0.7,0.7
"Needed Counseling or Therapy But Did Not Get It, Last 4 Weeks",By Age,United States,70 - 79 years,Jan 6 - Jan 18,3.1,2.4,3.9,0.8,0.7
"Needed Counseling or Therapy But Did Not Get It, Last 4 Weeks",By Age,United States,80 years and above,Jan 6 - Jan 18,3.3,1.9,5.3,2.0,1.4
"Took Prescription Medication for Mental Health, Last 4 Weeks",By Age,United States,18 - 29 years,Jan 20 - Feb 1,20.5,18.5,22.7,2.2,2.0
"Took Prescription Medication for Mental Health, Last 4 Weeks",By Age,United States,30 - 39 years,Jan 20 - Feb 1,21.5,20.2,22.7,1.2,1.3
"Took Prescription Medication for Mental Health, Last 4 Weeks",By Age,United States,40 - 49 years,Jan 20 - Feb 1,21.4,20.2,22.6,1.2,1.2
"Took Prescription Medication for Mental Health, Last 4 Weeks",By Age,United States,50 - 59 years,Jan 20 - Feb 1,22.7,21.4,24.2,1.5,1.3
"Took Prescription Medication for Mental Health, Last 4 Weeks",By Age,United States,60 - 69 years,Jan 20 - Feb 1,21.8,20.5,23.1,1.3,1.3
"Took Prescription Medication for Mental Health, Last 4 Weeks",By Age,United States,70 - 79 years,Jan 20 - Feb 1,18.9,17.5,20.4,1.5,1.4
"Took Prescription Medication for Mental Health, Last 4 Weeks",By Age,United States,80 years and above,Jan 20 - Feb 1,16.9,13.6,20.5,3.6,3.3
"Received Counseling or Therapy, Last 4 Weeks",By Age,United States,18 - 29 years,Jan 20 - Feb 1,14.2,12.8,15.5,1.3,1.4
"Received Counseling or Therapy, Last 4 Weeks",By Age,United States,30 - 39 years,Jan 20 - Feb 1,13.7,12.8,14.6,0.9,0.9
"Received Counseling or Therapy, Last 4 Weeks",By Age,United States,40 - 49 years,Jan 20 - Feb 1,10.7,9.8,11.7,1.0,0.9
"Received Counseling or Therapy, Last 4 Weeks",By Age,United States,50 - 59 years,Jan 20 - Feb 1,8.4,7.7,9.2,0.8,0.7
"Received Counseling or Therapy, Last 4 Weeks",By Age,United States,60 - 69 years,Jan 20 - Feb 1,6.0,5.4,6.6,0.6,0.6
"Received Counseling or Therapy, Last 4 Weeks",By Age,United States,70 - 79 years,Jan 20 - Feb 1,3.7,3.2,4.3,0.6,0.5
"Received Counseling or Therapy, Last 4 Weeks",By Age,United States,80 years and above,Jan 20 - Feb 1,2.3,1.5,3.4,1.1,0.8
"Took Prescription Medication for Mental Health And/Or Received Counseling or Therapy, Last 4 Weeks",By Age,United States,18 - 29 years,Jan 20 - Feb 1,26.9,24.9,29.0,2.1,2.0
"Took Prescription Medication for Mental Health And/Or Received Counseling or Therapy, Last 4 Weeks",By Age,United States,30 - 39 years,Jan 20 - Feb 1,27.1,25.8,28.4,1.3,1.3
"Took Prescription Medication for Mental Health And/Or Received Counseling or Therapy, Last 4 Weeks",By Age,United States,40 - 49 years,Jan 20 - Feb 1,25.0,23.7,26.3,1.3,1.3
"Took Prescription Medication for Mental Health And/Or Received Counseling or Therapy, Last 4 Weeks",By Age,United States,50 - 59 years,Jan 20 - Feb 1,25.4,24.0,26.9,1.5,1.4
"Took Prescription Medication for Mental Health And/Or Received Counseling or Therapy, Last 4 Weeks",By Age,United States,60 - 69 years,Jan 20 - Feb 1,23.3,22.0,24.6,1.3,1.3
"Took Prescription Medication for Mental Health And/Or Received Counseling or Therapy, Last 4 Weeks",By Age,United States,70 - 79 years,Jan 20 - Feb 1,19.8,18.3,21.3,1.5,1.5
"Took Prescription Medication for Mental Health And/Or Received Counseling or Therapy, Last 4 Weeks",By Age,United States,80 years and above,Jan 20 - Feb 1,17.3,14.1,21.0,3.7,3.2
"Needed Counseling or Therapy But Did Not Get It, Last 4 Weeks",By Age,United States,18 - 29 years,Jan 20 - Feb 1,22.8,20.3,25.4,2.6,2.5
"Needed Counseling or Therapy But Did Not Get It, Last 4 Weeks",By Age,United States,30 - 39 years,Jan 20 - Feb 1,16.1,14.8,17.5,1.4,1.3
"Needed Counseling or Therapy But Did Not Get It, Last 4 Weeks",By Age,United States,40 - 49 years,Jan 20 - Feb 1,11.0,10.0,11.9,0.9,1.0
"Needed Counseling or Therapy But Did Not Get It, Last 4 Weeks",By Age,United States,50 - 59 years,Jan 20 - Feb 1,9.5,8.6,10.4,0.9,0.9
"Needed Counseling or Therapy But Did Not Get It, Last 4 Weeks",By Age,United States,60 - 69 years,Jan 20 - Feb 1,5.4,4.8,6.0,0.6,0.6
"Needed Counseling or Therapy But Did Not Get It, Last 4 Weeks",By Age,United States,70 - 79 years,Jan 20 - Feb 1,3.1,2.4,3.9,0.8,0.7
"Needed Counseling or Therapy But Did Not Get It, Last 4 Weeks",By Age,United States,80 years and above,Jan 20 - Feb 1,2.3,1.3,3.7,1.4,1.0
"Took Prescription Medication for Mental Health, Last 4 Weeks",By Age,United States,18 - 29 years,Feb 3 - Feb 15,21.3,19.7,23.0,1.7,1.6
"Took Prescription Medication for Mental Health, Last 4 Weeks",By Age,United States,30 - 39 years,Feb 3 - Feb 15,21.2,20.0,22.4,1.2,1.2
"Took Prescription Medication for Mental Health, Last 4 Weeks",By Age,United States,40 - 49 years,Feb 3 - Feb 15,21.4,19.8,23.0,1.6,1.6
"Took Prescription Medication for Mental Health, Last 4 Weeks",By Age,United States,50 - 59 years,Feb 3 - Feb 15,21.7,20.5,22.8,1.1,1.2
"Took Prescription Medication for Mental Health, Last 4 Weeks",By Age,United States,60 - 69 years,Feb 3 - Feb 15,21.5,20.3,22.8,1.3,1.2
"Took Prescription Medication for Mental Health, Last 4 Weeks",By Age,United States,70 - 79 years,Feb 3 - Feb 15,17.4,16.0,19.0,1.6,1.4
"Took Prescription Medication for Mental Health, Last 4 Weeks",By Age,United States,80 years and above,Feb 3 - Feb 15,13.9,10.7,17.6,3.7,3.2
"Received Counseling or Therapy, Last 4 Weeks",By Age,United States,18 - 29 years,Feb 3 - Feb 15,16.4,14.8,18.1,1.7,1.6
"Received Counseling or Therapy, Last 4 Weeks",By Age,United States,30 - 39 years,Feb 3 - Feb 15,15.1,14.0,16.2,1.1,1.1
"Received Counseling or Therapy, Last 4 Weeks",By Age,United States,40 - 49 years,Feb 3 - Feb 15,11.0,9.7,12.4,1.4,1.3
"Received Counseling or Therapy, Last 4 Weeks",By Age,United States,50 - 59 years,Feb 3 - Feb 15,8.1,7.3,8.9,0.8,0.8
"Received Counseling or Therapy, Last 4 Weeks",By Age,United States,60 - 69 years,Feb 3 - Feb 15,6.1,5.3,6.8,0.7,0.8
"Received Counseling or Therapy, Last 4 Weeks",By Age,United States,70 - 79 years,Feb 3 - Feb 15,3.5,3.0,4.0,0.5,0.5
"Received Counseling or Therapy, Last 4 Weeks",By Age,United States,80 years and above,Feb 3 - Feb 15,3.0,1.8,4.5,1.5,1.2
"Took Prescription Medication for Mental Health And/Or Received Counseling or Therapy, Last 4 Weeks",By Age,United States,18 - 29 years,Feb 3 - Feb 15,27.6,25.8,29.3,1.7,1.8
"Took Prescription Medication for Mental Health And/Or Received Counseling or Therapy, Last 4 Weeks",By Age,United States,30 - 39 years,Feb 3 - Feb 15,27.6,26.1,29.0,1.4,1.5
"Took Prescription Medication for Mental Health And/Or Received Counseling or Therapy, Last 4 Weeks",By Age,United States,40 - 49 years,Feb 3 - Feb 15,25.2,23.5,26.9,1.7,1.7
"Took Prescription Medication for Mental Health And/Or Received Counseling or Therapy, Last 4 Weeks",By Age,United States,50 - 59 years,Feb 3 - Feb 15,24.1,22.9,25.2,1.1,1.2
"Took Prescription Medication for Mental Health And/Or Received Counseling or Therapy, Last 4 Weeks",By Age,United States,60 - 69 years,Feb 3 - Feb 15,23.2,21.9,24.5,1.3,1.3
"Took Prescription Medication for Mental Health And/Or Received Counseling or Therapy, Last 4 Weeks",By Age,United States,70 - 79 years,Feb 3 - Feb 15,18.5,17.1,20.0,1.5,1.4
"Took Prescription Medication for Mental Health And/Or Received Counseling or Therapy, Last 4 Weeks",By Age,United States,80 years and above,Feb 3 - Feb 15,15.1,11.8,19.0,3.9,3.3
"Needed Counseling or Therapy But Did Not Get It, Last 4 Weeks",By Age,United States,18 - 29 years,Feb 3 - Feb 15,21.8,19.7,24.0,2.2,2.1
"Needed Counseling or Therapy But Did Not Get It, Last 4 Weeks",By Age,United States,30 - 39 years,Feb 3 - Feb 15,16.1,15.0,17.4,1.3,1.1
"Needed Counseling or Therapy But Did Not Get It, Last 4 Weeks",By Age,United States,40 - 49 years,Feb 3 - Feb 15,11.1,10.2,12.1,1.0,0.9
"Needed Counseling or Therapy But Did Not Get It, Last 4 Weeks",By Age,United States,50 - 59 years,Feb 3 - Feb 15,9.2,8.2,10.2,1.0,1.0
"Needed Counseling or Therapy But Did Not Get It, Last 4 Weeks",By Age,United States,60 - 69 years,Feb 3 - Feb 15,6.1,5.4,6.8,0.7,0.7
"Needed Counseling or Therapy But Did Not Get It, Last 4 Weeks",By Age,United States,70 - 79 years,Feb 3 - Feb 15,2.8,2.3,3.4,0.6,0.5
"Needed Counseling or Therapy But Did Not Get It, Last 4 Weeks",By Age,United States,80 years and above,Feb 3 - Feb 15,2.4,1.4,3.8,1.4,1.0
"Took Prescription Medication for Mental Health, Last 4 Weeks",By Age,United States,18 - 29 years,Feb 17 - Mar 1,20.3,18.1,22.5,2.2,2.2
"Took Prescription Medication for Mental Health, Last 4 Weeks",By Age,United States,30 - 39 years,Feb 17 - Mar 1,22.3,20.6,24.1,1.8,1.7
"Took Prescription Medication for Mental Health, Last 4 Weeks",By Age,United States,40 - 49 years,Feb 17 - Mar 1,23.3,22.0,24.5,1.2,1.3
"Took Prescription Medication for Mental Health, Last 4 Weeks",By Age,United States,50 - 59 years,Feb 17 - Mar 1,22.3,20.7,23.9,1.6,1.6
"Took Prescription Medication for Mental Health, Last 4 Weeks",By Age,United States,60 - 69 years,Feb 17 - Mar 1,19.9,18.8,21.1,1.2,1.1
"Took Prescription Medication for Mental Health, Last 4 Weeks",By Age,United States,70 - 79 years,Feb 17 - Mar 1,18.2,16.7,19.8,1.6,1.5
"Took Prescription Medication for Mental Health, Last 4 Weeks",By Age,United States,80 years and above,Feb 17 - Mar 1,15.6,10.8,21.6,6.0,4.8
"Received Counseling or Therapy, Last 4 Weeks",By Age,United States,18 - 29 years,Feb 17 - Mar 1,15.5,13.8,17.4,1.9,1.7
"Received Counseling or Therapy, Last 4 Weeks",By Age,United States,30 - 39 years,Feb 17 - Mar 1,14.9,13.9,16.0,1.1,1.0
"Received Counseling or Therapy, Last 4 Weeks",By Age,United States,40 - 49 years,Feb 17 - Mar 1,11.7,10.7,12.7,1.0,1.0
"Received Counseling or Therapy, Last 4 Weeks",By Age,United States,50 - 59 years,Feb 17 - Mar 1,9.0,7.8,10.3,1.3,1.2
"Received Counseling or Therapy, Last 4 Weeks",By Age,United States,60 - 69 years,Feb 17 - Mar 1,5.8,5.2,6.4,0.6,0.6
"Received Counseling or Therapy, Last 4 Weeks",By Age,United States,70 - 79 years,Feb 17 - Mar 1,3.8,3.2,4.4,0.6,0.6
"Received Counseling or Therapy, Last 4 Weeks",By Age,United States,80 years and above,Feb 17 - Mar 1,1.3,0.7,2.1,0.8,0.6
"Took Prescription Medication for Mental Health And/Or Received Counseling or Therapy, Last 4 Weeks",By Age,United States,18 - 29 years,Feb 17 - Mar 1,26.2,24.0,28.5,2.3,2.2
"Took Prescription Medication for Mental Health And/Or Received Counseling or Therapy, Last 4 Weeks",By Age,United States,30 - 39 years,Feb 17 - Mar 1,27.9,26.2,29.7,1.8,1.7
"Took Prescription Medication for Mental Health And/Or Received Counseling or Therapy, Last 4 Weeks",By Age,United States,40 - 49 years,Feb 17 - Mar 1,27.2,25.8,28.6,1.4,1.4
"Took Prescription Medication for Mental Health And/Or Received Counseling or Therapy, Last 4 Weeks",By Age,United States,50 - 59 years,Feb 17 - Mar 1,24.7,23.1,26.4,1.7,1.6
"Took Prescription Medication for Mental Health And/Or Received Counseling or Therapy, Last 4 Weeks",By Age,United States,60 - 69 years,Feb 17 - Mar 1,21.3,20.2,22.5,1.2,1.1
"Took Prescription Medication for Mental Health And/Or Received Counseling or Therapy, Last 4 Weeks",By Age,United States,70 - 79 years,Feb 17 - Mar 1,19.3,17.8,21.0,1.7,1.5
"Took Prescription Medication for Mental Health And/Or Received Counseling or Therapy, Last 4 Weeks",By Age,United States,80 years and above,Feb 17 - Mar 1,16.0,11.1,21.9,5.9,4.9
"Needed Counseling or Therapy But Did Not Get It, Last 4 Weeks",By Age,United States,18 - 29 years,Feb 17 - Mar 1,21.8,19.8,24.0,2.2,2.0
"Needed Counseling or Therapy But Did Not Get It, Last 4 Weeks",By Age,United States,30 - 39 years,Feb 17 - Mar 1,15.6,14.0,17.2,1.6,1.6
"Needed Counseling or Therapy But Did Not Get It, Last 4 Weeks",By Age,United States,40 - 49 years,Feb 17 - Mar 1,13.6,12.3,15.0,1.4,1.3
"Needed Counseling or Therapy But Did Not Get It, Last 4 Weeks",By Age,United States,50 - 59 years,Feb 17 - Mar 1,9.5,8.3,10.8,1.3,1.2
"Needed Counseling or Therapy But Did Not Get It, Last 4 Weeks",By Age,United States,60 - 69 years,Feb 17 - Mar 1,5.9,5.1,6.8,0.9,0.8
"Needed Counseling or Therapy But Did Not Get It, Last 4 Weeks",By Age,United States,70 - 79 years,Feb 17 - Mar 1,3.2,2.6,3.9,0.7,0.6
"Needed Counseling or Therapy But Did Not Get It, Last 4 Weeks",By Age,United States,80 years and above,Feb 17 - Mar 1,2.8,1.4,4.9,2.1,1.4
